method_a,method_b,benchmark,condition,metric,value_a,value_b,difference,ci_lower,ci_upper,p_value,significant,effect_size,test_name
r2v,slm_only,unknown,noisy,success_rate,0.9788732394366197,0.8338668373879642,0.14500640204865556,0.13316261203585147,0.15685819462227912,0.0,True,,mcnemar
r2v,llm_only,unknown,noisy,success_rate,0.9788732394366197,1.0,-0.021126760563380254,-0.026568501920614596,-0.016325224071702945,1.2212453270876722e-15,True,,mcnemar
r2v,entropy_router,unknown,noisy,success_rate,0.9788732394366197,0.8895646606914213,0.08930857874519849,0.07874519846350832,0.1001920614596671,0.0,True,,mcnemar
