method_a,method_b,benchmark,condition,metric,value_a,value_b,difference,ci_lower,ci_upper,p_value,significant,effect_size,test_name
r2v,slm_only,unknown,noisy,success_rate,0.9695902688860435,0.8338668373879642,0.1357234314980793,0.12355153649167734,0.147247119078105,0.0,True,,mcnemar
r2v,llm_only,unknown,noisy,success_rate,0.9695902688860435,1.0,-0.030409731113956506,-0.03681177976952625,-0.02464788732394366,0.0,True,,mcnemar
r2v,entropy_router,unknown,noisy,success_rate,0.9695902688860435,0.8895646606914213,0.08002560819462223,0.0691341229193342,0.0912291933418694,0.0,True,,mcnemar
