method_a,method_b,benchmark,condition,metric,value_a,value_b,difference,ci_lower,ci_upper,p_value,significant,effect_size,test_name
r2v,slm_only,unknown,noisy,success_rate,0.9969806763285024,0.8260869565217391,0.17089371980676327,0.15730676328502416,0.18388435990338164,0.0,True,,mcnemar
r2v,llm_only,unknown,noisy,success_rate,0.9969806763285024,1.0,-0.003019323671497598,-0.005132850241545894,-0.0012077294685990338,0.001953125,True,,mcnemar
r2v,entropy_router,unknown,noisy,success_rate,0.9969806763285024,0.8342391304347826,0.1627415458937198,0.1497584541062802,0.17572463768115942,0.0,True,,mcnemar
