method_a,method_b,benchmark,condition,metric,value_a,value_b,difference,ci_lower,ci_upper,p_value,significant,effect_size,test_name
r2v,slm_only,humaneval,noisy,success_rate,0.9324324324324325,0.918918918918919,0.013513513513513487,0.0045045045045045045,0.02252252252252252,0.00390625,True,,mcnemar
r2v,llm_only,humaneval,noisy,success_rate,0.9324324324324325,1.0,-0.06756756756756754,-0.08708708708708708,-0.05105105105105105,5.412159609363698e-11,True,,mcnemar
r2v,entropy_router,humaneval,noisy,success_rate,0.9324324324324325,0.9444444444444444,-0.012012012012011963,-0.025525525525525526,0.0015015015015015015,0.11531829833984375,False,,mcnemar
