method_a,method_b,benchmark,condition,metric,value_a,value_b,difference,ci_lower,ci_upper,p_value,significant,effect_size,test_name
r2v,slm_only,textworld,noisy,success_rate,0.8180327868852459,0.6311475409836066,0.18688524590163935,0.1557377049180328,0.21475409836065573,0.0,True,,mcnemar
r2v,llm_only,textworld,noisy,success_rate,0.8180327868852459,1.0,-0.18196721311475406,-0.21311475409836064,-0.1524180327868853,0.0,True,,mcnemar
r2v,entropy_router,textworld,noisy,success_rate,0.8180327868852459,0.6442622950819672,0.17377049180327875,0.14426229508196722,0.20163934426229507,0.0,True,,mcnemar
r2v,oracle_router,textworld,noisy,success_rate,0.8180327868852459,1.0,-0.18196721311475406,-0.21311475409836064,-0.1524180327868853,0.0,True,,mcnemar
r2v,heuristic_router,textworld,noisy,success_rate,0.8180327868852459,0.8836065573770492,-0.06557377049180324,-0.09180327868852459,-0.040983606557377046,4.781523875729832e-07,True,,mcnemar
