method_a,method_b,benchmark,condition,metric,value_a,value_b,difference,ci_lower,ci_upper,p_value,significant,effect_size,test_name
r2v,slm_only,humaneval,noisy,success_rate,0.9429429429429429,0.918918918918919,0.024024024024023927,0.013513513513513514,0.036036036036036036,3.0517578125e-05,True,,mcnemar
r2v,llm_only,humaneval,noisy,success_rate,0.9429429429429429,1.0,-0.0570570570570571,-0.07507507507507508,-0.04054054054054054,1.946706018607358e-09,True,,mcnemar
r2v,entropy_router,humaneval,noisy,success_rate,0.9429429429429429,0.9369369369369369,0.006006006006005982,-0.009009009009009009,0.019557057057057025,0.5562984612747348,False,,mcnemar
