method_a,method_b,benchmark,condition,metric,value_a,value_b,difference,ci_lower,ci_upper,p_value,significant,effect_size,test_name
r2v,slm_only,textworld,noisy,success_rate,0.9344262295081968,0.6311475409836066,0.30327868852459017,0.2688114754098361,0.3377049180327869,0.0,True,,mcnemar
r2v,llm_only,textworld,noisy,success_rate,0.9344262295081968,1.0,-0.06557377049180324,-0.08688524590163935,-0.04590163934426229,6.984393063902417e-10,True,,mcnemar
r2v,entropy_router,textworld,noisy,success_rate,0.9344262295081968,0.8721311475409836,0.06229508196721312,0.04426229508196721,0.08036885245901636,1.946706018607358e-09,True,,mcnemar
r2v,oracle_router,textworld,noisy,success_rate,0.9344262295081968,1.0,-0.06557377049180324,-0.08688524590163935,-0.04590163934426229,6.984393063902417e-10,True,,mcnemar
r2v,heuristic_router,textworld,noisy,success_rate,0.9344262295081968,0.9360655737704918,-0.0016393442622950616,-0.01639344262295082,0.014754098360655738,1.0,False,,mcnemar
