method_a,method_b,benchmark,condition,metric,value_a,value_b,difference,ci_lower,ci_upper,p_value,significant,effect_size,test_name
r2v,slm_only,humaneval,noisy,success_rate,0.975975975975976,0.918918918918919,0.05705705705705699,0.04054054054054054,0.07507507507507508,1.946706018607358e-09,True,,mcnemar
r2v,llm_only,humaneval,noisy,success_rate,0.975975975975976,1.0,-0.024024024024024038,-0.03457207207207204,-0.013513513513513514,3.0517578125e-05,True,,mcnemar
r2v,entropy_router,humaneval,noisy,success_rate,0.975975975975976,0.918918918918919,0.05705705705705699,0.04054054054054054,0.07507507507507508,1.946706018607358e-09,True,,mcnemar
