method_a,method_b,benchmark,condition,metric,value_a,value_b,difference,ci_lower,ci_upper,p_value,significant,effect_size,test_name
r2v,slm_only,humaneval,noisy,success_rate,0.975975975975976,0.918918918918919,0.05705705705705699,0.04054054054054054,0.07507507507507508,1.946706018607358e-09,True,,mcnemar
r2v,llm_only,humaneval,noisy,success_rate,0.975975975975976,1.0,-0.024024024024024038,-0.036036036036036036,-0.014977477477477512,3.0517578125e-05,True,,mcnemar
r2v,entropy_router,humaneval,noisy,success_rate,0.975975975975976,0.9369369369369369,0.03903903903903905,0.02548798798798802,0.05405405405405406,9.443043861301348e-07,True,,mcnemar
