method_a,method_b,benchmark,condition,metric,value_a,value_b,difference,ci_lower,ci_upper,p_value,significant,effect_size,test_name
r2v,slm_only,textworld,noisy,success_rate,0.660655737704918,0.6311475409836066,0.02950819672131144,0.01639344262295082,0.04426229508196721,7.62939453125e-06,True,,mcnemar
r2v,llm_only,textworld,noisy,success_rate,0.660655737704918,1.0,-0.33934426229508197,-0.37540983606557377,-0.30327868852459017,0.0,True,,mcnemar
r2v,entropy_router,textworld,noisy,success_rate,0.660655737704918,0.680327868852459,-0.01967213114754096,-0.03770491803278689,-0.001639344262295082,0.03763531378731433,True,,mcnemar
