method_a,method_b,benchmark,condition,metric,value_a,value_b,difference,ci_lower,ci_upper,p_value,significant,effect_size,test_name
r2v,slm_only,textworld,noisy,success_rate,0.7873333333333333,0.644,0.1433333333333333,0.12533333333333332,0.16133333333333333,0.0,True,,mcnemar
r2v,llm_only,textworld,noisy,success_rate,0.7873333333333333,1.0,-0.21266666666666667,-0.23266666666666666,-0.19133333333333333,0.0,True,,mcnemar
r2v,entropy_router,textworld,noisy,success_rate,0.7873333333333333,0.644,0.1433333333333333,0.12533333333333332,0.16133333333333333,0.0,True,,mcnemar
r2v,slm_only,textworld,noisy,success_rate,0.7873333333333333,0.644,0.1433333333333333,0.12533333333333332,0.16133333333333333,0.0,True,,mcnemar
r2v,llm_only,textworld,noisy,success_rate,0.7873333333333333,1.0,-0.21266666666666667,-0.23266666666666666,-0.19133333333333333,0.0,True,,mcnemar
r2v,entropy_router,textworld,noisy,success_rate,0.7873333333333333,0.644,0.1433333333333333,0.12533333333333332,0.16133333333333333,0.0,True,,mcnemar
