method_a,method_b,benchmark,condition,metric,value_a,value_b,difference,ci_lower,ci_upper,p_value,significant,effect_size,test_name
r2v,slm_only,unknown,noisy,success_rate,0.9830917874396136,0.8260869565217391,0.15700483091787443,0.14402173913043478,0.16999547101449275,0.0,True,,mcnemar
r2v,llm_only,unknown,noisy,success_rate,0.9830917874396136,1.0,-0.016908212560386437,-0.02114281400966183,-0.012681159420289856,1.9872992140790302e-13,True,,mcnemar
r2v,entropy_router,unknown,noisy,success_rate,0.9830917874396136,0.8342391304347826,0.14885265700483097,0.13616394927536232,0.16154891304347824,0.0,True,,mcnemar
