method_a,method_b,benchmark,condition,metric,value_a,value_b,difference,ci_lower,ci_upper,p_value,significant,effect_size,test_name
r2v,slm_only,unknown,noisy,success_rate,0.9564660691421255,0.8338668373879642,0.12259923175416132,0.11138764404609476,0.13444302176696543,0.0,True,,mcnemar
r2v,llm_only,unknown,noisy,success_rate,0.9564660691421255,1.0,-0.04353393085787449,-0.05089628681177977,-0.03617157490396927,0.0,True,,mcnemar
r2v,entropy_router,unknown,noisy,success_rate,0.9564660691421255,0.8895646606914213,0.06690140845070425,0.05569782330345711,0.07874519846350832,0.0,True,,mcnemar
