method_a,method_b,benchmark,condition,metric,value_a,value_b,difference,ci_lower,ci_upper,p_value,significant,effect_size,test_name
r2v,slm_only,humaneval,noisy,success_rate,0.924924924924925,0.918918918918919,0.006006006006005982,0.0015015015015015015,0.012012012012012012,0.125,False,,mcnemar
r2v,llm_only,humaneval,noisy,success_rate,0.924924924924925,1.0,-0.07507507507507505,-0.0946321321321321,-0.057057057057057055,4.218958515878057e-12,True,,mcnemar
r2v,entropy_router,humaneval,noisy,success_rate,0.924924924924925,0.954954954954955,-0.03003003003003002,-0.04504504504504504,-0.015015015015015015,0.0003298385207779475,True,,mcnemar
