method_a,method_b,benchmark,condition,metric,value_a,value_b,difference,ci_lower,ci_upper,p_value,significant,effect_size,test_name
r2v,slm_only,humaneval,noisy,success_rate,0.918918918918919,0.918918918918919,0.0,0.0,0.0,1.0,False,,mcnemar
r2v,llm_only,humaneval,noisy,success_rate,0.918918918918919,1.0,-0.08108108108108103,-0.1006381381381381,-0.06156156156156156,5.497824417943775e-13,True,,mcnemar
r2v,entropy_router,humaneval,noisy,success_rate,0.918918918918919,0.918918918918919,0.0,0.0,0.0,1.0,False,,mcnemar
r2v,oracle_router,humaneval,noisy,success_rate,0.918918918918919,1.0,-0.08108108108108103,-0.1006381381381381,-0.06156156156156156,5.497824417943775e-13,True,,mcnemar
r2v,heuristic_router,humaneval,noisy,success_rate,0.918918918918919,0.990990990990991,-0.072072072072072,-0.0915915915915916,-0.052552552552552555,1.1700196367314675e-11,True,,mcnemar
