method_a,method_b,benchmark,condition,metric,value_a,value_b,difference,ci_lower,ci_upper,p_value,significant,effect_size,test_name
r2v,slm_only,unknown,noisy,success_rate,0.9737516005121639,0.8338668373879642,0.13988476312419973,0.12836107554417414,0.15140845070422534,0.0,True,,mcnemar
r2v,llm_only,unknown,noisy,success_rate,0.9737516005121639,1.0,-0.026248399487836083,-0.03201024327784891,-0.020486555697823303,0.0,True,,mcnemar
r2v,entropy_router,unknown,noisy,success_rate,0.9737516005121639,0.8895646606914213,0.08418693982074266,0.0736235595390525,0.09539052496798976,0.0,True,,mcnemar
