method_a,method_b,benchmark,condition,metric,value_a,value_b,difference,ci_lower,ci_upper,p_value,significant,effect_size,test_name
r2v,slm_only,unknown,noisy,success_rate,0.9839948783610756,0.8338668373879642,0.1501280409731114,0.1382842509603073,0.162291933418694,0.0,True,,mcnemar
r2v,llm_only,unknown,noisy,success_rate,0.9839948783610756,1.0,-0.016005121638924424,-0.020486555697823303,-0.011843790012804098,4.218958515878057e-12,True,,mcnemar
r2v,entropy_router,unknown,noisy,success_rate,0.9839948783610756,0.8895646606914213,0.09443021766965431,0.0838588348271447,0.1046814980793854,0.0,True,,mcnemar
