method_a,method_b,benchmark,condition,metric,value_a,value_b,difference,ci_lower,ci_upper,p_value,significant,effect_size,test_name
r2v,slm_only,unknown,noisy,success_rate,0.9529449423815621,0.8338668373879642,0.11907810499359794,0.10723431498079386,0.130609795134443,0.0,True,,mcnemar
r2v,llm_only,unknown,noisy,success_rate,0.9529449423815621,1.0,-0.04705505761843787,-0.05441741357234315,-0.03937259923175416,0.0,True,,mcnemar
r2v,entropy_router,unknown,noisy,success_rate,0.9529449423815621,0.8895646606914213,0.06338028169014087,0.052176696542893725,0.07522407170294494,0.0,True,,mcnemar
