method_a,method_b,benchmark,condition,metric,value_a,value_b,difference,ci_lower,ci_upper,p_value,significant,effect_size,test_name
r2v,slm_only,humaneval,noisy,success_rate,0.9204204204204204,0.918918918918919,0.0015015015015014122,0.0,0.0045045045045045045,1.0,False,,mcnemar
r2v,llm_only,humaneval,noisy,success_rate,0.9204204204204204,1.0,-0.07957957957957962,-0.1006006006006006,-0.06006006006006006,9.14823772291129e-13,True,,mcnemar
r2v,entropy_router,humaneval,noisy,success_rate,0.9204204204204204,0.918918918918919,0.0015015015015014122,0.0,0.0045045045045045045,1.0,False,,mcnemar
