method_a,method_b,benchmark,condition,metric,value_a,value_b,difference,ci_lower,ci_upper,p_value,significant,effect_size,test_name
r2v,slm_only,unknown,noisy,success_rate,0.984955185659411,0.8338668373879642,0.1510883482714468,0.13892445582586427,0.16357234314980793,0.0,True,,mcnemar
r2v,llm_only,unknown,noisy,success_rate,0.984955185659411,1.0,-0.015044814340589019,-0.019526248399487835,-0.01088348271446863,1.9490520308806936e-11,True,,mcnemar
r2v,entropy_router,unknown,noisy,success_rate,0.984955185659411,0.8895646606914213,0.09539052496798972,0.0851472471190781,0.1059539052496799,0.0,True,,mcnemar
