method_a,method_b,benchmark,condition,metric,value_a,value_b,difference,ci_lower,ci_upper,p_value,significant,effect_size,test_name
r2v,slm_only,textworld,noisy,success_rate,0.9911504424778761,0.6371681415929203,0.35398230088495575,0.3185840707964602,0.39085545722713866,0.0,True,,mcnemar
r2v,llm_only,textworld,noisy,success_rate,0.9911504424778761,1.0,-0.008849557522123908,-0.016224188790560472,-0.0029498525073746312,0.03125,True,,mcnemar
r2v,entropy_router,textworld,noisy,success_rate,0.9911504424778761,0.6371681415929203,0.35398230088495575,0.3185840707964602,0.39085545722713866,0.0,True,,mcnemar
