method_a,method_b,benchmark,condition,metric,value_a,value_b,difference,ci_lower,ci_upper,p_value,significant,effect_size,test_name
r2v,slm_only,unknown,noisy,success_rate,0.954225352112676,0.8338668373879642,0.12035851472471182,0.10851472471190782,0.132202304737516,0.0,True,,mcnemar
r2v,llm_only,unknown,noisy,success_rate,0.954225352112676,1.0,-0.045774647887323994,-0.05313700384122919,-0.0380921895006402,0.0,True,,mcnemar
r2v,entropy_router,unknown,noisy,success_rate,0.954225352112676,0.8895646606914213,0.06466069142125475,0.05376920614596672,0.07682458386683738,0.0,True,,mcnemar
