method_a,method_b,benchmark,condition,metric,value_a,value_b,difference,ci_lower,ci_upper,p_value,significant,effect_size,test_name
r2v,slm_only,unknown,noisy,success_rate,0.9807938540332907,0.8338668373879642,0.14692701664532648,0.1350832266325224,0.15941101152368758,0.0,True,,mcnemar
r2v,llm_only,unknown,noisy,success_rate,0.9807938540332907,1.0,-0.01920614596670933,-0.024007682458386685,-0.014716709346991045,2.5979218776228663e-14,True,,mcnemar
r2v,entropy_router,unknown,noisy,success_rate,0.9807938540332907,0.8895646606914213,0.09122919334186941,0.08034571062740077,0.10244078104993597,0.0,True,,mcnemar
