method_a,method_b,benchmark,condition,metric,value_a,value_b,difference,ci_lower,ci_upper,p_value,significant,effect_size,test_name
r2v,slm_only,unknown,noisy,success_rate,0.9807938540332907,0.8338668373879642,0.14692701664532648,0.1350832266325224,0.1590909090909091,0.0,True,,mcnemar
r2v,llm_only,unknown,noisy,success_rate,0.9807938540332907,1.0,-0.01920614596670933,-0.024007682458386685,-0.0147247119078105,2.5979218776228663e-14,True,,mcnemar
r2v,entropy_router,unknown,noisy,success_rate,0.9807938540332907,0.8895646606914213,0.09122919334186941,0.0809779129321383,0.1014804737516005,0.0,True,,mcnemar
