method_a,method_b,benchmark,condition,metric,value_a,value_b,difference,ci_lower,ci_upper,p_value,significant,effect_size,test_name
r2v,slm_only,humaneval,noisy,success_rate,0.954954954954955,0.918918918918919,0.036036036036036,0.021021021021021023,0.04954954954954955,1.1920928955078125e-07,True,,mcnemar
r2v,llm_only,humaneval,noisy,success_rate,0.954954954954955,1.0,-0.04504504504504503,-0.06156156156156156,-0.03003003003003003,1.192436684949172e-07,True,,mcnemar
r2v,entropy_router,humaneval,noisy,success_rate,0.954954954954955,0.9444444444444444,0.010510510510510551,-0.0045045045045045045,0.025525525525525526,0.23013934044341644,False,,mcnemar
