method_a,method_b,benchmark,condition,metric,value_a,value_b,difference,ci_lower,ci_upper,p_value,significant,effect_size,test_name
r2v,slm_only,unknown,noisy,success_rate,0.9657490396927016,0.8338668373879642,0.13188220230473746,0.1203585147247119,0.14341389244558259,0.0,True,,mcnemar
r2v,llm_only,unknown,noisy,success_rate,0.9657490396927016,1.0,-0.03425096030729835,-0.040973111395646605,-0.027848911651728554,0.0,True,,mcnemar
r2v,entropy_router,unknown,noisy,success_rate,0.9657490396927016,0.8895646606914213,0.07618437900128039,0.06530089628681178,0.08738796414852752,0.0,True,,mcnemar
