method_a,method_b,benchmark,condition,metric,value_a,value_b,difference,ci_lower,ci_upper,p_value,significant,effect_size,test_name
r2v,slm_only,humaneval,noisy,success_rate,0.9414414414414415,0.918918918918919,0.022522522522522515,0.012012012012012012,0.03303303303303303,6.103515625e-05,True,,mcnemar
r2v,llm_only,humaneval,noisy,success_rate,0.9414414414414415,1.0,-0.058558558558558516,-0.07657657657657657,-0.042042042042042045,1.165859853102802e-09,True,,mcnemar
r2v,entropy_router,humaneval,noisy,success_rate,0.9414414414414415,0.918918918918919,0.022522522522522515,0.012012012012012012,0.03303303303303303,6.103515625e-05,True,,mcnemar
