method_a,method_b,benchmark,condition,metric,value_a,value_b,difference,ci_lower,ci_upper,p_value,significant,effect_size,test_name
r2v,slm_only,unknown,noisy,success_rate,0.9804737516005122,0.8338668373879642,0.146606914212548,0.13412291933418694,0.1587708066581306,0.0,True,,mcnemar
r2v,llm_only,unknown,noisy,success_rate,0.9804737516005122,1.0,-0.0195262483994878,-0.02496798975672215,-0.0147247119078105,1.5654144647214707e-14,True,,mcnemar
r2v,entropy_router,unknown,noisy,success_rate,0.9804737516005122,0.8895646606914213,0.09090909090909094,0.08034571062740077,0.10211267605633803,0.0,True,,mcnemar
