method_a,method_b,benchmark,condition,metric,value_a,value_b,difference,ci_lower,ci_upper,p_value,significant,effect_size,test_name
r2v,slm_only,unknown,noisy,success_rate,0.9513444302176697,0.8338668373879642,0.11747759282970549,0.10627400768245839,0.1293213828425096,0.0,True,,mcnemar
r2v,llm_only,unknown,noisy,success_rate,0.9513444302176697,1.0,-0.04865556978233032,-0.056658130601792575,-0.040973111395646605,0.0,True,,mcnemar
r2v,entropy_router,unknown,noisy,success_rate,0.9513444302176697,0.8895646606914213,0.06177976952624842,0.05089628681177977,0.0736235595390525,0.0,True,,mcnemar
