method_a,method_b,benchmark,condition,metric,value_a,value_b,difference,ci_lower,ci_upper,p_value,significant,effect_size,test_name
r2v,slm_only,humaneval,noisy,success_rate,0.9579579579579579,0.918918918918919,0.039039039039038936,0.024024024024024024,0.05405405405405406,9.443043861301348e-07,True,,mcnemar
r2v,llm_only,humaneval,noisy,success_rate,0.9579579579579579,1.0,-0.042042042042042094,-0.057057057057057055,-0.02702702702702703,3.3515963071550914e-07,True,,mcnemar
r2v,entropy_router,humaneval,noisy,success_rate,0.9579579579579579,0.954954954954955,0.0030030030030029353,-0.010510510510510511,0.015015015015015015,0.8238029479980469,False,,mcnemar
