method_a,method_b,benchmark,condition,metric,value_a,value_b,difference,ci_lower,ci_upper,p_value,significant,effect_size,test_name
r2v,slm_only,unknown,noisy,success_rate,0.986235595390525,0.8338668373879642,0.15236875800256078,0.14020486555697823,0.16454065300896287,0.0,True,,mcnemar
r2v,llm_only,unknown,noisy,success_rate,0.986235595390525,1.0,-0.013764404609475034,-0.01824583866837388,-0.009923175416133162,1.5042855849856096e-10,True,,mcnemar
r2v,entropy_router,unknown,noisy,success_rate,0.986235595390525,0.8895646606914213,0.0966709346991037,0.08642765685019206,0.10787451984635084,0.0,True,,mcnemar
