method_a,method_b,benchmark,condition,metric,value_a,value_b,difference,ci_lower,ci_upper,p_value,significant,effect_size,test_name
r2v,slm_only,unknown,noisy,success_rate,0.9539052496798975,0.8338668373879642,0.12003841229193335,0.10818661971830987,0.13188220230473752,0.0,True,,mcnemar
r2v,llm_only,unknown,noisy,success_rate,0.9539052496798975,1.0,-0.04609475032010246,-0.05345710627400768,-0.03841229193341869,0.0,True,,mcnemar
r2v,entropy_router,unknown,noisy,success_rate,0.9539052496798975,0.8895646606914213,0.06434058898847628,0.05345710627400768,0.0765044814340589,0.0,True,,mcnemar
