method_a,method_b,benchmark,condition,metric,value_a,value_b,difference,ci_lower,ci_upper,p_value,significant,effect_size,test_name
r2v,slm_only,unknown,noisy,success_rate,0.9833937198067633,0.8260869565217391,0.15730676328502413,0.1443161231884058,0.17028985507246377,0.0,True,,mcnemar
r2v,llm_only,unknown,noisy,success_rate,0.9833937198067633,1.0,-0.016606280193236733,-0.020833333333333332,-0.012379227053140096,3.305133944309091e-13,True,,mcnemar
r2v,entropy_router,unknown,noisy,success_rate,0.9833937198067633,0.8342391304347826,0.14915458937198067,0.13646588164251208,0.1621376811594203,0.0,True,,mcnemar
