method_a,method_b,benchmark,condition,metric,value_a,value_b,difference,ci_lower,ci_upper,p_value,significant,effect_size,test_name
r2v,slm_only,humaneval,noisy,success_rate,0.9744744744744744,0.918918918918919,0.05555555555555547,0.03903903903903904,0.07357357357357357,3.251606206511326e-09,True,,mcnemar
r2v,llm_only,humaneval,noisy,success_rate,0.9744744744744744,1.0,-0.02552552552552556,-0.03753753753753754,-0.015015015015015015,1.52587890625e-05,True,,mcnemar
r2v,entropy_router,humaneval,noisy,success_rate,0.9744744744744744,0.933933933933934,0.04054054054054046,0.025525525525525526,0.05555555555555555,5.623957756162312e-07,True,,mcnemar
