method_a,method_b,benchmark,condition,metric,value_a,value_b,difference,ci_lower,ci_upper,p_value,significant,effect_size,test_name
r2v,slm_only,humaneval,noisy,success_rate,0.93993993993994,0.918918918918919,0.02102102102102099,0.010510510510510511,0.03153153153153153,0.0001220703125,True,,mcnemar
r2v,llm_only,humaneval,noisy,success_rate,0.93993993993994,1.0,-0.06006006006006004,-0.07957957957957958,-0.04354354354354354,6.984393063902417e-10,True,,mcnemar
r2v,entropy_router,humaneval,noisy,success_rate,0.93993993993994,0.933933933933934,0.006006006006005982,-0.0075075075075075074,0.01951951951951952,0.5234670639038086,False,,mcnemar
