method_a,method_b,benchmark,condition,metric,value_a,value_b,difference,ci_lower,ci_upper,p_value,significant,effect_size,test_name
r2v,slm_only,unknown,noisy,success_rate,0.9924516908212561,0.8260869565217391,0.16636473429951693,0.1527777777777778,0.17906099033816422,0.0,True,,mcnemar
r2v,llm_only,unknown,noisy,success_rate,0.9924516908212561,1.0,-0.007548309178743939,-0.010567632850241546,-0.004830917874396135,1.586656303897982e-06,True,,mcnemar
r2v,entropy_router,unknown,noisy,success_rate,0.9924516908212561,0.8342391304347826,0.15821256038647347,0.14522946859903382,0.17030495169082124,0.0,True,,mcnemar
