method_a,method_b,benchmark,condition,metric,value_a,value_b,difference,ci_lower,ci_upper,p_value,significant,effect_size,test_name
r2v,slm_only,humaneval,noisy,success_rate,0.960960960960961,0.918918918918919,0.04204204204204198,0.02702702702702703,0.057057057057057055,3.3515963071550914e-07,True,,mcnemar
r2v,llm_only,humaneval,noisy,success_rate,0.960960960960961,1.0,-0.03903903903903905,-0.05555555555555555,-0.025525525525525526,9.443043861301348e-07,True,,mcnemar
r2v,entropy_router,humaneval,noisy,success_rate,0.960960960960961,0.918918918918919,0.04204204204204198,0.02702702702702703,0.057057057057057055,3.3515963071550914e-07,True,,mcnemar
