method_a,method_b,benchmark,condition,metric,value_a,value_b,difference,ci_lower,ci_upper,p_value,significant,effect_size,test_name
r2v,slm_only,textworld,noisy,success_rate,0.9106666666666666,0.644,0.2666666666666666,0.24533333333333332,0.28668333333333335,0.0,True,,mcnemar
r2v,llm_only,textworld,noisy,success_rate,0.9106666666666666,1.0,-0.08933333333333338,-0.10468333333333332,-0.074,0.0,True,,mcnemar
r2v,entropy_router,textworld,noisy,success_rate,0.9106666666666666,0.644,0.2666666666666666,0.24533333333333332,0.28668333333333335,0.0,True,,mcnemar
r2v,slm_only,textworld,noisy,success_rate,0.9106666666666666,0.644,0.2666666666666666,0.24533333333333332,0.28668333333333335,0.0,True,,mcnemar
r2v,llm_only,textworld,noisy,success_rate,0.9106666666666666,1.0,-0.08933333333333338,-0.10468333333333332,-0.074,0.0,True,,mcnemar
r2v,entropy_router,textworld,noisy,success_rate,0.9106666666666666,0.644,0.2666666666666666,0.24533333333333332,0.28668333333333335,0.0,True,,mcnemar
