method_a,method_b,benchmark,condition,metric,value_a,value_b,difference,ci_lower,ci_upper,p_value,significant,effect_size,test_name
r2v,slm_only,unknown,noisy,success_rate,0.9635083226632523,0.8338668373879642,0.12964148527528807,0.11811779769526248,0.14149327784891164,0.0,True,,mcnemar
r2v,llm_only,unknown,noisy,success_rate,0.9635083226632523,1.0,-0.03649167733674774,-0.04354193341869397,-0.030729833546734954,0.0,True,,mcnemar
r2v,entropy_router,unknown,noisy,success_rate,0.9635083226632523,0.8895646606914213,0.073943661971831,0.06338028169014084,0.08515524967989756,0.0,True,,mcnemar
