method_a,method_b,benchmark,condition,metric,value_a,value_b,difference,ci_lower,ci_upper,p_value,significant,effect_size,test_name
r2v,slm_only,unknown,noisy,success_rate,0.95550576184379,0.8338668373879642,0.1216389244558258,0.10979513444302176,0.13348271446862997,0.0,True,,mcnemar
r2v,llm_only,unknown,noisy,success_rate,0.95550576184379,1.0,-0.04449423815621001,-0.05186459667093469,-0.037443982074263776,0.0,True,,mcnemar
r2v,entropy_router,unknown,noisy,success_rate,0.95550576184379,0.8895646606914213,0.06594110115236873,0.055049615877080675,0.07810499359795134,0.0,True,,mcnemar
