method_a,method_b,benchmark,condition,metric,value_a,value_b,difference,ci_lower,ci_upper,p_value,significant,effect_size,test_name
r2v,slm_only,humaneval,noisy,success_rate,0.918918918918919,0.918918918918919,0.0,0.0,0.0,1.0,False,,mcnemar
r2v,llm_only,humaneval,noisy,success_rate,0.918918918918919,1.0,-0.08108108108108103,-0.1006381381381381,-0.06156156156156156,5.497824417943775e-13,True,,mcnemar
r2v,entropy_router,humaneval,noisy,success_rate,0.918918918918919,0.918918918918919,0.0,0.0,0.0,1.0,False,,mcnemar
r2v,oracle_router,humaneval,noisy,success_rate,0.918918918918919,1.0,-0.08108108108108103,-0.1006381381381381,-0.06156156156156156,5.497824417943775e-13,True,,mcnemar
r2v,heuristic_router,humaneval,noisy,success_rate,0.918918918918919,0.9594594594594594,-0.04054054054054046,-0.05555555555555555,-0.025525525525525526,5.623957756162312e-07,True,,mcnemar
