method_a,method_b,benchmark,condition,metric,value_a,value_b,difference,ci_lower,ci_upper,p_value,significant,effect_size,test_name
r2v,slm_only,humaneval,noisy,success_rate,0.9309309309309309,0.918918918918919,0.012012012012011963,0.0045045045045045045,0.021021021021021023,0.0078125,True,,mcnemar
r2v,llm_only,humaneval,noisy,success_rate,0.9309309309309309,1.0,-0.06906906906906907,-0.08708708708708708,-0.05105105105105105,3.247491164870553e-11,True,,mcnemar
r2v,entropy_router,humaneval,noisy,success_rate,0.9309309309309309,0.918918918918919,0.012012012012011963,0.0045045045045045045,0.021021021021021023,0.0078125,True,,mcnemar
r2v,oracle_router,humaneval,noisy,success_rate,0.9309309309309309,1.0,-0.06906906906906907,-0.08708708708708708,-0.05105105105105105,3.247491164870553e-11,True,,mcnemar
r2v,heuristic_router,humaneval,noisy,success_rate,0.9309309309309309,0.9594594594594594,-0.028528528528528496,-0.04207957957957955,-0.015015015015015015,6.604194641113281e-05,True,,mcnemar
