method_a,method_b,benchmark,condition,metric,value_a,value_b,difference,ci_lower,ci_upper,p_value,significant,effect_size,test_name
r2v,slm_only,unknown,noisy,success_rate,0.9921497584541062,0.8260869565217391,0.1660628019323671,0.15247584541062803,0.178743961352657,0.0,True,,mcnemar
r2v,llm_only,unknown,noisy,success_rate,0.9921497584541062,1.0,-0.007850241545893755,-0.010877113526570042,-0.005132850241545894,9.443043861301348e-07,True,,mcnemar
r2v,entropy_router,unknown,noisy,success_rate,0.9921497584541062,0.8342391304347826,0.15791062801932365,0.14492753623188406,0.1708937198067633,0.0,True,,mcnemar
