method_a,method_b,benchmark,condition,metric,value_a,value_b,difference,ci_lower,ci_upper,p_value,significant,effect_size,test_name
r2v,slm_only,unknown,noisy,success_rate,0.9927536231884058,0.8260869565217391,0.16666666666666663,0.15307971014492755,0.17906099033816422,0.0,True,,mcnemar
r2v,llm_only,unknown,noisy,success_rate,0.9927536231884058,1.0,-0.007246376811594235,-0.010265700483091788,-0.004528985507246377,1.1920928955078125e-07,True,,mcnemar
r2v,entropy_router,unknown,noisy,success_rate,0.9927536231884058,0.8342391304347826,0.15851449275362317,0.14552385265700485,0.17119565217391305,0.0,True,,mcnemar
