method_a,method_b,benchmark,condition,metric,value_a,value_b,difference,ci_lower,ci_upper,p_value,significant,effect_size,test_name
r2v,slm_only,humaneval,noisy,success_rate,0.972972972972973,0.918918918918919,0.05405405405405406,0.03753753753753754,0.07060810810810808,5.433087424400185e-09,True,,mcnemar
r2v,llm_only,humaneval,noisy,success_rate,0.972972972972973,1.0,-0.027027027027026973,-0.03903903903903904,-0.016516516516516516,7.62939453125e-06,True,,mcnemar
r2v,entropy_router,humaneval,noisy,success_rate,0.972972972972973,0.9504504504504504,0.022522522522522626,0.012012012012012012,0.033070570570570536,6.103515625e-05,True,,mcnemar
