method_a,method_b,benchmark,condition,metric,value_a,value_b,difference,ci_lower,ci_upper,p_value,significant,effect_size,test_name
r2v,slm_only,humaneval,noisy,success_rate,0.9219219219219219,0.918918918918919,0.0030030030030029353,0.0,0.0075075075075075074,0.5,False,,mcnemar
r2v,llm_only,humaneval,noisy,success_rate,0.9219219219219219,1.0,-0.0780780780780781,-0.09759759759759759,-0.05855855855855856,1.5224488336684772e-12,True,,mcnemar
r2v,entropy_router,humaneval,noisy,success_rate,0.9219219219219219,0.9594594594594594,-0.037537537537537524,-0.052552552552552555,-0.024024024024024024,3.859616436896474e-06,True,,mcnemar
r2v,oracle_router,humaneval,noisy,success_rate,0.9219219219219219,1.0,-0.0780780780780781,-0.09759759759759759,-0.05855855855855856,1.5224488336684772e-12,True,,mcnemar
r2v,heuristic_router,humaneval,noisy,success_rate,0.9219219219219219,0.987987987987988,-0.06606606606606613,-0.0841216216216216,-0.04804804804804805,9.021872138248455e-11,True,,mcnemar
