method_a,method_b,benchmark,condition,metric,value_a,value_b,difference,ci_lower,ci_upper,p_value,significant,effect_size,test_name
r2v,slm_only,humaneval,noisy,success_rate,0.9384384384384384,0.918918918918919,0.019519519519519468,0.010510510510510511,0.03003003003003003,0.000244140625,True,,mcnemar
r2v,llm_only,humaneval,noisy,success_rate,0.9384384384384384,1.0,-0.06156156156156156,-0.08108108108108109,-0.04500750750750754,4.1854364418725254e-10,True,,mcnemar
r2v,entropy_router,humaneval,noisy,success_rate,0.9384384384384384,0.9504504504504504,-0.012012012012011963,-0.028528528528528527,0.001539039039039005,0.18587673236587576,False,,mcnemar
