method_a,method_b,benchmark,condition,metric,value_a,value_b,difference,ci_lower,ci_upper,p_value,significant,effect_size,test_name
r2v,slm_only,unknown,noisy,success_rate,0.9948783610755442,0.8338668373879642,0.16101152368757998,0.148199423815621,0.17318341869398207,0.0,True,,mcnemar
r2v,llm_only,unknown,noisy,success_rate,0.9948783610755442,1.0,-0.005121638924455829,-0.008002560819462228,-0.002880921895006402,3.0517578125e-05,True,,mcnemar
r2v,entropy_router,unknown,noisy,success_rate,0.9948783610755442,0.8895646606914213,0.10531370038412291,0.09539052496798976,0.11587708066581306,0.0,True,,mcnemar
