method_a,method_b,benchmark,condition,metric,value_a,value_b,difference,ci_lower,ci_upper,p_value,significant,effect_size,test_name
r2v,slm_only,unknown,noisy,success_rate,0.9966787439613527,0.8260869565217391,0.17059178743961356,0.1570048309178744,0.18357487922705315,0.0,True,,mcnemar
r2v,llm_only,unknown,noisy,success_rate,0.9966787439613527,1.0,-0.0033212560386473022,-0.005434782608695652,-0.0015096618357487923,0.0009765625,True,,mcnemar
r2v,entropy_router,unknown,noisy,success_rate,0.9966787439613527,0.8342391304347826,0.1624396135265701,0.1494489734299517,0.17513586956521737,0.0,True,,mcnemar
