method_a,method_b,benchmark,condition,metric,value_a,value_b,difference,ci_lower,ci_upper,p_value,significant,effect_size,test_name
r2v,slm_only,unknown,noisy,success_rate,0.9782330345710627,0.8338668373879642,0.1443661971830985,0.13251440460947503,0.15685019206145967,0.0,True,,mcnemar
r2v,llm_only,unknown,noisy,success_rate,0.9782330345710627,1.0,-0.0217669654289373,-0.027208706786171575,-0.016645326504481434,4.440892098500626e-16,True,,mcnemar
r2v,entropy_router,unknown,noisy,success_rate,0.9782330345710627,0.8895646606914213,0.08866837387964144,0.07874519846350832,0.09891165172855314,0.0,True,,mcnemar
