method_a,method_b,benchmark,condition,metric,value_a,value_b,difference,ci_lower,ci_upper,p_value,significant,effect_size,test_name
r2v,slm_only,unknown,noisy,success_rate,0.9915458937198067,0.8260869565217391,0.1654589371980676,0.1518719806763285,0.17814009661835747,0.0,True,,mcnemar
r2v,llm_only,unknown,noisy,success_rate,0.9915458937198067,1.0,-0.008454106280193274,-0.01177536231884058,-0.005736714975845411,3.3515963071550914e-07,True,,mcnemar
r2v,entropy_router,unknown,noisy,success_rate,0.9915458937198067,0.8342391304347826,0.15730676328502413,0.14432367149758454,0.16998792270531402,0.0,True,,mcnemar
