method_a,method_b,benchmark,condition,metric,value_a,value_b,difference,ci_lower,ci_upper,p_value,significant,effect_size,test_name
r2v,slm_only,unknown,noisy,success_rate,0.9884763124199744,0.8338668373879642,0.15460947503201017,0.14180537772087068,0.16709346991037133,0.0,True,,mcnemar
r2v,llm_only,unknown,noisy,success_rate,0.9884763124199744,1.0,-0.011523687580025643,-0.015685019206145966,-0.0076824583866837385,5.433087424400185e-09,True,,mcnemar
r2v,entropy_router,unknown,noisy,success_rate,0.9884763124199744,0.8895646606914213,0.0989116517285531,0.08866837387964148,0.10884282970550575,0.0,True,,mcnemar
